id,exercise,body part,muscle,overallMin,overallMax,sets,reps,barbell,dumbbell,pullup bar,resistance band,bench,medicine ball,bodyweight,video link
1,squat,legs,quadricep,-99999,10,3,3,TRUE,TRUE,FALSE,TRUE,FALSE,FALSE,TRUE,https://www.youtube.com/embed/aclHkVaku9U
1,squat,legs,quadricep,10,20,3,4,TRUE,TRUE,FALSE,TRUE,FALSE,FALSE,TRUE,https://www.youtube.com/embed/aclHkVaku9U
1,squat,legs,quadricep,20,30,4,4,TRUE,TRUE,FALSE,TRUE,FALSE,FALSE,TRUE,https://www.youtube.com/embed/aclHkVaku9U
1,squat,legs,quadricep,30,40,4,5,TRUE,TRUE,FALSE,TRUE,FALSE,FALSE,TRUE,https://www.youtube.com/embed/aclHkVaku9U
1,squat,legs,quadricep,40,50,5,5,TRUE,TRUE,FALSE,TRUE,FALSE,FALSE,TRUE,https://www.youtube.com/embed/aclHkVaku9U
1,squat,legs,quadricep,50,60,4,8,TRUE,TRUE,FALSE,TRUE,FALSE,FALSE,TRUE,https://www.youtube.com/embed/aclHkVaku9U
1,squat,legs,quadricep,60,70,4,12,TRUE,TRUE,FALSE,TRUE,FALSE,FALSE,TRUE,https://www.youtube.com/embed/aclHkVaku9U
1,squat,legs,quadricep,70,80,5,8,TRUE,TRUE,FALSE,TRUE,FALSE,FALSE,TRUE,https://www.youtube.com/embed/aclHkVaku9U
1,squat,legs,quadricep,80,99999,5,12,TRUE,TRUE,FALSE,TRUE,FALSE,FALSE,TRUE,https://www.youtube.com/embed/aclHkVaku9U
2,lunge,legs,quadricep,-99999,10,3,3,TRUE,TRUE,FALSE,TRUE,FALSE,FALSE,TRUE,https://www.youtube.com/embed/QOVaHwm-Q6U
2,lunge,legs,quadricep,10,20,3,4,TRUE,TRUE,FALSE,TRUE,FALSE,FALSE,TRUE,https://www.youtube.com/embed/QOVaHwm-Q6U
2,lunge,legs,quadricep,20,30,4,4,TRUE,TRUE,FALSE,TRUE,FALSE,FALSE,TRUE,https://www.youtube.com/embed/QOVaHwm-Q6U
2,lunge,legs,quadricep,30,40,4,5,TRUE,TRUE,FALSE,TRUE,FALSE,FALSE,TRUE,https://www.youtube.com/embed/QOVaHwm-Q6U
2,lunge,legs,quadricep,40,50,5,5,TRUE,TRUE,FALSE,TRUE,FALSE,FALSE,TRUE,https://www.youtube.com/embed/QOVaHwm-Q6U
2,lunge,legs,quadricep,50,60,4,8,TRUE,TRUE,FALSE,TRUE,FALSE,FALSE,TRUE,https://www.youtube.com/embed/QOVaHwm-Q6U
2,lunge,legs,quadricep,60,70,4,12,TRUE,TRUE,FALSE,TRUE,FALSE,FALSE,TRUE,https://www.youtube.com/embed/QOVaHwm-Q6U
2,lunge,legs,quadricep,70,80,5,8,TRUE,TRUE,FALSE,TRUE,FALSE,FALSE,TRUE,https://www.youtube.com/embed/QOVaHwm-Q6U
2,lunge,legs,quadricep,80,99999,5,12,TRUE,TRUE,FALSE,TRUE,FALSE,FALSE,TRUE,https://www.youtube.com/embed/QOVaHwm-Q6U
3,reverseLunge,legs,quadricep,-99999,10,3,3,TRUE,TRUE,FALSE,TRUE,FALSE,FALSE,TRUE,https://www.youtube.com/embed/7pwO2gemRyg
3,reverseLunge,legs,quadricep,10,20,3,4,TRUE,TRUE,FALSE,TRUE,FALSE,FALSE,TRUE,https://www.youtube.com/embed/7pwO2gemRyg
3,reverseLunge,legs,quadricep,20,30,4,4,TRUE,TRUE,FALSE,TRUE,FALSE,FALSE,TRUE,https://www.youtube.com/embed/7pwO2gemRyg
3,reverseLunge,legs,quadricep,30,40,4,5,TRUE,TRUE,FALSE,TRUE,FALSE,FALSE,TRUE,https://www.youtube.com/embed/7pwO2gemRyg
3,reverseLunge,legs,quadricep,40,50,5,5,TRUE,TRUE,FALSE,TRUE,FALSE,FALSE,TRUE,https://www.youtube.com/embed/7pwO2gemRyg
3,reverseLunge,legs,quadricep,50,60,4,8,TRUE,TRUE,FALSE,TRUE,FALSE,FALSE,TRUE,https://www.youtube.com/embed/7pwO2gemRyg
3,reverseLunge,legs,quadricep,60,70,4,12,TRUE,TRUE,FALSE,TRUE,FALSE,FALSE,TRUE,https://www.youtube.com/embed/7pwO2gemRyg
3,reverseLunge,legs,quadricep,70,80,5,8,TRUE,TRUE,FALSE,TRUE,FALSE,FALSE,TRUE,https://www.youtube.com/embed/7pwO2gemRyg
3,reverseLunge,legs,quadricep,80,99999,5,12,TRUE,TRUE,FALSE,TRUE,FALSE,FALSE,TRUE,https://www.youtube.com/embed/7pwO2gemRyg
4,jumpSquat,legs,quadricep,-99999,10,3,3,TRUE,TRUE,FALSE,TRUE,FALSE,FALSE,TRUE,https://www.youtube.com/embed/U4s4mEQ5VqU
4,jumpSquat,legs,quadricep,10,20,3,4,TRUE,TRUE,FALSE,TRUE,FALSE,FALSE,TRUE,https://www.youtube.com/embed/U4s4mEQ5VqU
4,jumpSquat,legs,quadricep,20,30,4,4,TRUE,TRUE,FALSE,TRUE,FALSE,FALSE,TRUE,https://www.youtube.com/embed/U4s4mEQ5VqU
4,jumpSquat,legs,quadricep,30,40,4,5,TRUE,TRUE,FALSE,TRUE,FALSE,FALSE,TRUE,https://www.youtube.com/embed/U4s4mEQ5VqU
4,jumpSquat,legs,quadricep,40,50,5,5,TRUE,TRUE,FALSE,TRUE,FALSE,FALSE,TRUE,https://www.youtube.com/embed/U4s4mEQ5VqU
4,jumpSquat,legs,quadricep,50,60,4,8,TRUE,TRUE,FALSE,TRUE,FALSE,FALSE,TRUE,https://www.youtube.com/embed/U4s4mEQ5VqU
4,jumpSquat,legs,quadricep,60,70,4,12,TRUE,TRUE,FALSE,TRUE,FALSE,FALSE,TRUE,https://www.youtube.com/embed/U4s4mEQ5VqU
4,jumpSquat,legs,quadricep,70,80,5,8,TRUE,TRUE,FALSE,TRUE,FALSE,FALSE,TRUE,https://www.youtube.com/embed/U4s4mEQ5VqU
4,jumpSquat,legs,quadricep,80,99999,5,12,TRUE,TRUE,FALSE,TRUE,FALSE,FALSE,TRUE,https://www.youtube.com/embed/U4s4mEQ5VqU
5,lateralLunge,legs,quadricep,-99999,10,3,3,TRUE,TRUE,FALSE,TRUE,FALSE,FALSE,TRUE,https://www.youtube.com/embed/gwWv7aPcD88
5,lateralLunge,legs,quadricep,10,20,3,4,TRUE,TRUE,FALSE,TRUE,FALSE,FALSE,TRUE,https://www.youtube.com/embed/gwWv7aPcD88
5,lateralLunge,legs,quadricep,20,30,4,4,TRUE,TRUE,FALSE,TRUE,FALSE,FALSE,TRUE,https://www.youtube.com/embed/gwWv7aPcD88
5,lateralLunge,legs,quadricep,30,40,4,5,TRUE,TRUE,FALSE,TRUE,FALSE,FALSE,TRUE,https://www.youtube.com/embed/gwWv7aPcD88
5,lateralLunge,legs,quadricep,40,50,5,5,TRUE,TRUE,FALSE,TRUE,FALSE,FALSE,TRUE,https://www.youtube.com/embed/gwWv7aPcD88
5,lateralLunge,legs,quadricep,50,60,4,8,TRUE,TRUE,FALSE,TRUE,FALSE,FALSE,TRUE,https://www.youtube.com/embed/gwWv7aPcD88
5,lateralLunge,legs,quadricep,60,70,4,12,TRUE,TRUE,FALSE,TRUE,FALSE,FALSE,TRUE,https://www.youtube.com/embed/gwWv7aPcD88
5,lateralLunge,legs,quadricep,70,80,5,8,TRUE,TRUE,FALSE,TRUE,FALSE,FALSE,TRUE,https://www.youtube.com/embed/gwWv7aPcD88
5,lateralLunge,legs,quadricep,80,99999,5,12,TRUE,TRUE,FALSE,TRUE,FALSE,FALSE,TRUE,https://www.youtube.com/embed/gwWv7aPcD88
6,calfRaise,legs,calf,-99999,10,5,5,TRUE,TRUE,FALSE,TRUE,FALSE,FALSE,TRUE,https://www.youtube.com/embed/-M4-G8p8fmc
6,calfRaise,legs,calf,10,25,5,8,TRUE,TRUE,FALSE,TRUE,FALSE,FALSE,TRUE,https://www.youtube.com/embed/-M4-G8p8fmc
6,calfRaise,legs,calf,25,40,6,8,TRUE,TRUE,FALSE,TRUE,FALSE,FALSE,TRUE,https://www.youtube.com/embed/-M4-G8p8fmc
6,calfRaise,legs,calf,40,55,5,12,TRUE,TRUE,FALSE,TRUE,FALSE,FALSE,TRUE,https://www.youtube.com/embed/-M4-G8p8fmc
6,calfRaise,legs,calf,55,70,6,12,TRUE,TRUE,FALSE,TRUE,FALSE,FALSE,TRUE,https://www.youtube.com/embed/-M4-G8p8fmc
6,calfRaise,legs,calf,70,99999,6,15,TRUE,TRUE,FALSE,TRUE,FALSE,FALSE,TRUE,https://www.youtube.com/embed/-M4-G8p8fmc
7,singleCalfRaise,legs,calf,-99999,10,5,5,TRUE,TRUE,FALSE,TRUE,FALSE,FALSE,TRUE,https://www.youtube.com/embed/Tla2ScHQgu0
7,singleCalfRaise,legs,calf,10,25,5,8,TRUE,TRUE,FALSE,TRUE,FALSE,FALSE,TRUE,https://www.youtube.com/embed/Tla2ScHQgu0
7,singleCalfRaise,legs,calf,25,40,6,8,TRUE,TRUE,FALSE,TRUE,FALSE,FALSE,TRUE,https://www.youtube.com/embed/Tla2ScHQgu0
7,singleCalfRaise,legs,calf,40,55,5,12,TRUE,TRUE,FALSE,TRUE,FALSE,FALSE,TRUE,https://www.youtube.com/embed/Tla2ScHQgu0
7,singleCalfRaise,legs,calf,55,70,6,12,TRUE,TRUE,FALSE,TRUE,FALSE,FALSE,TRUE,https://www.youtube.com/embed/Tla2ScHQgu0
7,singleCalfRaise,legs,calf,70,99999,3,3,TRUE,TRUE,FALSE,TRUE,FALSE,FALSE,TRUE,https://www.youtube.com/embed/Tla2ScHQgu0
8,jumpingJack,legs,calf,-99999,10,3,3,FALSE,TRUE,FALSE,FALSE,FALSE,FALSE,TRUE,https://www.youtube.com/embed/UpH7rm0cYbM
8,jumpingJack,legs,calf,10,20,3,4,FALSE,TRUE,FALSE,FALSE,FALSE,FALSE,TRUE,https://www.youtube.com/embed/UpH7rm0cYbM
8,jumpingJack,legs,calf,20,30,4,4,FALSE,TRUE,FALSE,FALSE,FALSE,FALSE,TRUE,https://www.youtube.com/embed/UpH7rm0cYbM
8,jumpingJack,legs,calf,30,40,4,5,FALSE,TRUE,FALSE,FALSE,FALSE,FALSE,TRUE,https://www.youtube.com/embed/UpH7rm0cYbM
8,jumpingJack,legs,calf,40,50,5,5,FALSE,TRUE,FALSE,FALSE,FALSE,FALSE,TRUE,https://www.youtube.com/embed/UpH7rm0cYbM
8,jumpingJack,legs,calf,50,60,4,8,FALSE,TRUE,FALSE,FALSE,FALSE,FALSE,TRUE,https://www.youtube.com/embed/UpH7rm0cYbM
8,jumpingJack,legs,calf,60,70,4,12,FALSE,TRUE,FALSE,FALSE,FALSE,FALSE,TRUE,https://www.youtube.com/embed/UpH7rm0cYbM
8,jumpingJack,legs,calf,70,80,5,8,FALSE,TRUE,FALSE,FALSE,FALSE,FALSE,TRUE,https://www.youtube.com/embed/UpH7rm0cYbM
8,jumpingJack,legs,calf,80,99999,5,12,FALSE,TRUE,FALSE,FALSE,FALSE,FALSE,TRUE,https://www.youtube.com/embed/UpH7rm0cYbM
9,sealJump,legs,calf,-99999,10,3,3,FALSE,TRUE,FALSE,FALSE,FALSE,FALSE,TRUE,https://www.youtube.com/embed/7qaDvP5b_Nk
9,sealJump,legs,calf,10,20,3,4,FALSE,TRUE,FALSE,FALSE,FALSE,FALSE,TRUE,https://www.youtube.com/embed/7qaDvP5b_Nk
9,sealJump,legs,calf,20,30,4,4,FALSE,TRUE,FALSE,FALSE,FALSE,FALSE,TRUE,https://www.youtube.com/embed/7qaDvP5b_Nk
9,sealJump,legs,calf,30,40,4,5,FALSE,TRUE,FALSE,FALSE,FALSE,FALSE,TRUE,https://www.youtube.com/embed/7qaDvP5b_Nk
9,sealJump,legs,calf,40,50,5,5,FALSE,TRUE,FALSE,FALSE,FALSE,FALSE,TRUE,https://www.youtube.com/embed/7qaDvP5b_Nk
9,sealJump,legs,calf,50,60,4,8,FALSE,TRUE,FALSE,FALSE,FALSE,FALSE,TRUE,https://www.youtube.com/embed/7qaDvP5b_Nk
9,sealJump,legs,calf,60,70,4,12,FALSE,TRUE,FALSE,FALSE,FALSE,FALSE,TRUE,https://www.youtube.com/embed/7qaDvP5b_Nk
9,sealJump,legs,calf,70,80,5,8,FALSE,TRUE,FALSE,FALSE,FALSE,FALSE,TRUE,https://www.youtube.com/embed/7qaDvP5b_Nk
9,sealJump,legs,calf,80,99999,5,12,FALSE,TRUE,FALSE,FALSE,FALSE,FALSE,TRUE,https://www.youtube.com/embed/7qaDvP5b_Nk
10,inwardCalfRaise,legs,calf,-99999,10,5,5,TRUE,TRUE,FALSE,TRUE,FALSE,FALSE,TRUE,https://www.youtube.com/embed/atUGYMYCMkw
10,inwardCalfRaise,legs,calf,10,25,5,8,TRUE,TRUE,FALSE,TRUE,FALSE,FALSE,TRUE,https://www.youtube.com/embed/atUGYMYCMkw
10,inwardCalfRaise,legs,calf,25,40,6,8,TRUE,TRUE,FALSE,TRUE,FALSE,FALSE,TRUE,https://www.youtube.com/embed/atUGYMYCMkw
10,inwardCalfRaise,legs,calf,40,55,5,12,TRUE,TRUE,FALSE,TRUE,FALSE,FALSE,TRUE,https://www.youtube.com/embed/atUGYMYCMkw
10,inwardCalfRaise,legs,calf,55,70,6,12,TRUE,TRUE,FALSE,TRUE,FALSE,FALSE,TRUE,https://www.youtube.com/embed/atUGYMYCMkw
10,inwardCalfRaise,legs,calf,70,99999,6,15,TRUE,TRUE,FALSE,TRUE,FALSE,FALSE,TRUE,https://www.youtube.com/embed/atUGYMYCMkw
11,gluteBridge,legs,hamstring,-99999,10,3,5,FALSE,FALSE,FALSE,TRUE,FALSE,FALSE,TRUE,https://www.youtube.com/embed/wPM8icPu6H8
11,gluteBridge,legs,hamstring,10,25,3,7,FALSE,FALSE,FALSE,TRUE,FALSE,FALSE,TRUE,https://www.youtube.com/embed/wPM8icPu6H8
11,gluteBridge,legs,hamstring,25,40,3,10,FALSE,FALSE,FALSE,TRUE,FALSE,FALSE,TRUE,https://www.youtube.com/embed/wPM8icPu6H8
11,gluteBridge,legs,hamstring,40,55,4,8,FALSE,FALSE,FALSE,TRUE,FALSE,FALSE,TRUE,https://www.youtube.com/embed/wPM8icPu6H8
11,gluteBridge,legs,hamstring,55,70,4,10,FALSE,FALSE,FALSE,TRUE,FALSE,FALSE,TRUE,https://www.youtube.com/embed/wPM8icPu6H8
11,gluteBridge,legs,hamstring,70,99999,5,10,FALSE,FALSE,FALSE,TRUE,FALSE,FALSE,TRUE,https://www.youtube.com/embed/wPM8icPu6H8
12,inchworm,legs,hamstring,-99999,10,3,3,FALSE,FALSE,FALSE,FALSE,FALSE,FALSE,TRUE,https://www.youtube.com/embed/VSp0z7Mp5IU
12,inchworm,legs,hamstring,10,30,4,4,FALSE,FALSE,FALSE,FALSE,FALSE,FALSE,TRUE,https://www.youtube.com/embed/VSp0z7Mp5IU
12,inchworm,legs,hamstring,30,50,5,4,FALSE,FALSE,FALSE,FALSE,FALSE,FALSE,TRUE,https://www.youtube.com/embed/VSp0z7Mp5IU
12,inchworm,legs,hamstring,50,70,4,5,FALSE,FALSE,FALSE,FALSE,FALSE,FALSE,TRUE,https://www.youtube.com/embed/VSp0z7Mp5IU
12,inchworm,legs,hamstring,70,99999,5,5,FALSE,FALSE,FALSE,FALSE,FALSE,FALSE,TRUE,https://www.youtube.com/embed/VSp0z7Mp5IU
13,goodMorning,back,back,-99999,10,3,5,TRUE,TRUE,FALSE,FALSE,FALSE,FALSE,TRUE,https://www.youtube.com/embed/vKPGe8zb2S4
13,goodMorning,back,back,10,25,3,7,TRUE,TRUE,FALSE,FALSE,FALSE,FALSE,TRUE,https://www.youtube.com/embed/vKPGe8zb2S4
13,goodMorning,back,back,25,40,3,10,TRUE,TRUE,FALSE,FALSE,FALSE,FALSE,TRUE,https://www.youtube.com/embed/vKPGe8zb2S4
13,goodMorning,back,back,40,55,4,8,TRUE,TRUE,FALSE,FALSE,FALSE,FALSE,TRUE,https://www.youtube.com/embed/vKPGe8zb2S4
13,goodMorning,back,back,55,70,4,10,TRUE,TRUE,FALSE,FALSE,FALSE,FALSE,TRUE,https://www.youtube.com/embed/vKPGe8zb2S4
13,goodMorning,back,back,70,99999,5,10,TRUE,TRUE,FALSE,FALSE,FALSE,FALSE,TRUE,https://www.youtube.com/embed/vKPGe8zb2S4
13,goodMorning,legs,hamstring,-99999,10,3,5,TRUE,TRUE,FALSE,FALSE,FALSE,FALSE,TRUE,https://www.youtube.com/embed/vKPGe8zb2S4
13,goodMorning,legs,hamstring,10,25,3,7,TRUE,TRUE,FALSE,FALSE,FALSE,FALSE,TRUE,https://www.youtube.com/embed/vKPGe8zb2S4
13,goodMorning,legs,hamstring,25,40,3,10,TRUE,TRUE,FALSE,FALSE,FALSE,FALSE,TRUE,https://www.youtube.com/embed/vKPGe8zb2S4
13,goodMorning,legs,hamstring,40,55,4,8,TRUE,TRUE,FALSE,FALSE,FALSE,FALSE,TRUE,https://www.youtube.com/embed/vKPGe8zb2S4
13,goodMorning,legs,hamstring,55,70,4,10,TRUE,TRUE,FALSE,FALSE,FALSE,FALSE,TRUE,https://www.youtube.com/embed/vKPGe8zb2S4
13,goodMorning,legs,hamstring,70,99999,5,10,TRUE,TRUE,FALSE,FALSE,FALSE,FALSE,TRUE,https://www.youtube.com/embed/vKPGe8zb2S4
15,quadLegCurl,legs,hamstring,-99999,10,3,5,FALSE,FALSE,FALSE,FALSE,FALSE,FALSE,TRUE,https://www.youtube.com/embed/vRQpiTwUeyM
15,quadLegCurl,legs,hamstring,10,25,3,7,FALSE,FALSE,FALSE,FALSE,FALSE,FALSE,TRUE,https://www.youtube.com/embed/vRQpiTwUeyM
15,quadLegCurl,legs,hamstring,25,40,3,10,FALSE,FALSE,FALSE,FALSE,FALSE,FALSE,TRUE,https://www.youtube.com/embed/vRQpiTwUeyM
15,quadLegCurl,legs,hamstring,40,55,4,8,FALSE,FALSE,FALSE,FALSE,FALSE,FALSE,TRUE,https://www.youtube.com/embed/vRQpiTwUeyM
15,quadLegCurl,legs,hamstring,55,70,4,10,FALSE,FALSE,FALSE,FALSE,FALSE,FALSE,TRUE,https://www.youtube.com/embed/vRQpiTwUeyM
15,quadLegCurl,legs,hamstring,70,99999,5,10,FALSE,FALSE,FALSE,FALSE,FALSE,FALSE,TRUE,https://www.youtube.com/embed/vRQpiTwUeyM
16,pushup,arms,bicep,-99999,10,3,3,FALSE,FALSE,FALSE,FALSE,FALSE,FALSE,TRUE,https://www.youtube.com/embed/IODxDxX7oi4
16,pushup,arms,bicep,10,20,3,4,FALSE,FALSE,FALSE,FALSE,FALSE,FALSE,TRUE,https://www.youtube.com/embed/IODxDxX7oi4
16,pushup,arms,bicep,20,30,4,4,FALSE,FALSE,FALSE,FALSE,FALSE,FALSE,TRUE,https://www.youtube.com/embed/IODxDxX7oi4
16,pushup,arms,bicep,30,40,4,5,FALSE,FALSE,FALSE,FALSE,FALSE,FALSE,TRUE,https://www.youtube.com/embed/IODxDxX7oi4
16,pushup,arms,bicep,40,50,5,5,FALSE,FALSE,FALSE,FALSE,FALSE,FALSE,TRUE,https://www.youtube.com/embed/IODxDxX7oi4
16,pushup,arms,bicep,50,60,4,8,FALSE,FALSE,FALSE,FALSE,FALSE,FALSE,TRUE,https://www.youtube.com/embed/IODxDxX7oi4
16,pushup,arms,bicep,60,70,4,12,FALSE,FALSE,FALSE,FALSE,FALSE,FALSE,TRUE,https://www.youtube.com/embed/IODxDxX7oi4
16,pushup,arms,bicep,70,80,5,8,FALSE,FALSE,FALSE,FALSE,FALSE,FALSE,TRUE,https://www.youtube.com/embed/IODxDxX7oi4
16,pushup,arms,bicep,80,99999,5,12,FALSE,FALSE,FALSE,FALSE,FALSE,FALSE,TRUE,https://www.youtube.com/embed/IODxDxX7oi4
16,pushup,arms,tricep,-99999,10,3,3,FALSE,FALSE,FALSE,FALSE,FALSE,FALSE,TRUE,https://www.youtube.com/embed/IODxDxX7oi4
16,pushup,arms,tricep,10,20,3,4,FALSE,FALSE,FALSE,FALSE,FALSE,FALSE,TRUE,https://www.youtube.com/embed/IODxDxX7oi4
16,pushup,arms,tricep,20,30,4,4,FALSE,FALSE,FALSE,FALSE,FALSE,FALSE,TRUE,https://www.youtube.com/embed/IODxDxX7oi4
16,pushup,arms,tricep,30,40,4,5,FALSE,FALSE,FALSE,FALSE,FALSE,FALSE,TRUE,https://www.youtube.com/embed/IODxDxX7oi4
16,pushup,arms,tricep,40,50,5,5,FALSE,FALSE,FALSE,FALSE,FALSE,FALSE,TRUE,https://www.youtube.com/embed/IODxDxX7oi4
16,pushup,arms,tricep,50,60,4,8,FALSE,FALSE,FALSE,FALSE,FALSE,FALSE,TRUE,https://www.youtube.com/embed/IODxDxX7oi4
16,pushup,arms,tricep,60,70,4,12,FALSE,FALSE,FALSE,FALSE,FALSE,FALSE,TRUE,https://www.youtube.com/embed/IODxDxX7oi4
16,pushup,arms,tricep,70,80,5,8,FALSE,FALSE,FALSE,FALSE,FALSE,FALSE,TRUE,https://www.youtube.com/embed/IODxDxX7oi4
16,pushup,arms,tricep,80,99999,5,12,FALSE,FALSE,FALSE,FALSE,FALSE,FALSE,TRUE,https://www.youtube.com/embed/IODxDxX7oi4
16,pushup,back,back,-99999,10,3,3,FALSE,FALSE,FALSE,FALSE,FALSE,FALSE,TRUE,https://www.youtube.com/embed/IODxDxX7oi4
16,pushup,back,back,10,20,3,4,FALSE,FALSE,FALSE,FALSE,FALSE,FALSE,TRUE,https://www.youtube.com/embed/IODxDxX7oi4
16,pushup,back,back,20,30,4,4,FALSE,FALSE,FALSE,FALSE,FALSE,FALSE,TRUE,https://www.youtube.com/embed/IODxDxX7oi4
16,pushup,back,back,30,40,4,5,FALSE,FALSE,FALSE,FALSE,FALSE,FALSE,TRUE,https://www.youtube.com/embed/IODxDxX7oi4
16,pushup,back,back,40,50,5,5,FALSE,FALSE,FALSE,FALSE,FALSE,FALSE,TRUE,https://www.youtube.com/embed/IODxDxX7oi4
16,pushup,back,back,50,60,4,8,FALSE,FALSE,FALSE,FALSE,FALSE,FALSE,TRUE,https://www.youtube.com/embed/IODxDxX7oi4
16,pushup,back,back,60,70,4,12,FALSE,FALSE,FALSE,FALSE,FALSE,FALSE,TRUE,https://www.youtube.com/embed/IODxDxX7oi4
16,pushup,back,back,70,80,5,8,FALSE,FALSE,FALSE,FALSE,FALSE,FALSE,TRUE,https://www.youtube.com/embed/IODxDxX7oi4
16,pushup,back,back,80,99999,5,12,FALSE,FALSE,FALSE,FALSE,FALSE,FALSE,TRUE,https://www.youtube.com/embed/IODxDxX7oi4
17,benchDip,arms,bicep,-99999,10,3,3,FALSE,FALSE,FALSE,FALSE,TRUE,FALSE,TRUE,https://www.youtube.com/embed/lPXJMzFXFvc
17,benchDip,arms,bicep,10,20,3,4,FALSE,FALSE,FALSE,FALSE,TRUE,FALSE,TRUE,https://www.youtube.com/embed/lPXJMzFXFvc
17,benchDip,arms,bicep,20,30,4,4,FALSE,FALSE,FALSE,FALSE,TRUE,FALSE,TRUE,https://www.youtube.com/embed/lPXJMzFXFvc
17,benchDip,arms,bicep,30,40,4,5,FALSE,FALSE,FALSE,FALSE,TRUE,FALSE,TRUE,https://www.youtube.com/embed/lPXJMzFXFvc
17,benchDip,arms,bicep,40,50,5,5,FALSE,FALSE,FALSE,FALSE,TRUE,FALSE,TRUE,https://www.youtube.com/embed/lPXJMzFXFvc
17,benchDip,arms,bicep,50,60,4,8,FALSE,FALSE,FALSE,FALSE,TRUE,FALSE,TRUE,https://www.youtube.com/embed/lPXJMzFXFvc
17,benchDip,arms,bicep,60,70,4,12,FALSE,FALSE,FALSE,FALSE,TRUE,FALSE,TRUE,https://www.youtube.com/embed/lPXJMzFXFvc
17,benchDip,arms,bicep,70,80,5,8,FALSE,FALSE,FALSE,FALSE,TRUE,FALSE,TRUE,https://www.youtube.com/embed/lPXJMzFXFvc
17,benchDip,arms,bicep,80,99999,5,12,FALSE,FALSE,FALSE,FALSE,TRUE,FALSE,TRUE,https://www.youtube.com/embed/lPXJMzFXFvc
17,benchDip,arms,tricep,-99999,10,3,3,FALSE,FALSE,FALSE,FALSE,TRUE,FALSE,TRUE,https://www.youtube.com/embed/lPXJMzFXFvc
17,benchDip,arms,tricep,10,20,3,4,FALSE,FALSE,FALSE,FALSE,TRUE,FALSE,TRUE,https://www.youtube.com/embed/lPXJMzFXFvc
17,benchDip,arms,tricep,20,30,4,4,FALSE,FALSE,FALSE,FALSE,TRUE,FALSE,TRUE,https://www.youtube.com/embed/lPXJMzFXFvc
17,benchDip,arms,tricep,30,40,4,5,FALSE,FALSE,FALSE,FALSE,TRUE,FALSE,TRUE,https://www.youtube.com/embed/lPXJMzFXFvc
17,benchDip,arms,tricep,40,50,5,5,FALSE,FALSE,FALSE,FALSE,TRUE,FALSE,TRUE,https://www.youtube.com/embed/lPXJMzFXFvc
17,benchDip,arms,tricep,50,60,4,8,FALSE,FALSE,FALSE,FALSE,TRUE,FALSE,TRUE,https://www.youtube.com/embed/lPXJMzFXFvc
17,benchDip,arms,tricep,60,70,4,12,FALSE,FALSE,FALSE,FALSE,TRUE,FALSE,TRUE,https://www.youtube.com/embed/lPXJMzFXFvc
17,benchDip,arms,tricep,70,80,5,8,FALSE,FALSE,FALSE,FALSE,TRUE,FALSE,TRUE,https://www.youtube.com/embed/lPXJMzFXFvc
17,benchDip,arms,tricep,80,99999,5,12,FALSE,FALSE,FALSE,FALSE,TRUE,FALSE,TRUE,https://www.youtube.com/embed/lPXJMzFXFvc
18,pressup,arms,bicep,-99999,10,3,3,FALSE,FALSE,FALSE,FALSE,FALSE,FALSE,TRUE,https://www.youtube.com/embed/IODxDxX7oi4
18,pressup,arms,bicep,10,20,3,4,FALSE,FALSE,FALSE,FALSE,FALSE,FALSE,TRUE,https://www.youtube.com/embed/IODxDxX7oi4
18,pressup,arms,bicep,20,30,4,4,FALSE,FALSE,FALSE,FALSE,FALSE,FALSE,TRUE,https://www.youtube.com/embed/IODxDxX7oi4
18,pressup,arms,bicep,30,40,4,5,FALSE,FALSE,FALSE,FALSE,FALSE,FALSE,TRUE,https://www.youtube.com/embed/IODxDxX7oi4
18,pressup,arms,bicep,40,50,5,5,FALSE,FALSE,FALSE,FALSE,FALSE,FALSE,TRUE,https://www.youtube.com/embed/IODxDxX7oi4
18,pressup,arms,bicep,50,60,4,8,FALSE,FALSE,FALSE,FALSE,FALSE,FALSE,TRUE,https://www.youtube.com/embed/IODxDxX7oi4
18,pressup,arms,bicep,60,70,4,12,FALSE,FALSE,FALSE,FALSE,FALSE,FALSE,TRUE,https://www.youtube.com/embed/IODxDxX7oi4
18,pressup,arms,bicep,70,80,5,8,FALSE,FALSE,FALSE,FALSE,FALSE,FALSE,TRUE,https://www.youtube.com/embed/IODxDxX7oi4
18,pressup,arms,bicep,80,99999,5,12,FALSE,FALSE,FALSE,FALSE,FALSE,FALSE,TRUE,https://www.youtube.com/embed/IODxDxX7oi4
18,pressup,arms,tricep,-99999,10,3,3,FALSE,FALSE,FALSE,FALSE,FALSE,FALSE,TRUE,https://www.youtube.com/embed/IODxDxX7oi4
18,pressup,arms,tricep,10,20,3,4,FALSE,FALSE,FALSE,FALSE,FALSE,FALSE,TRUE,https://www.youtube.com/embed/IODxDxX7oi4
18,pressup,arms,tricep,20,30,4,4,FALSE,FALSE,FALSE,FALSE,FALSE,FALSE,TRUE,https://www.youtube.com/embed/IODxDxX7oi4
18,pressup,arms,tricep,30,40,4,5,FALSE,FALSE,FALSE,FALSE,FALSE,FALSE,TRUE,https://www.youtube.com/embed/IODxDxX7oi4
18,pressup,arms,tricep,40,50,5,5,FALSE,FALSE,FALSE,FALSE,FALSE,FALSE,TRUE,https://www.youtube.com/embed/IODxDxX7oi4
18,pressup,arms,tricep,50,60,4,8,FALSE,FALSE,FALSE,FALSE,FALSE,FALSE,TRUE,https://www.youtube.com/embed/IODxDxX7oi4
18,pressup,arms,tricep,60,70,4,12,FALSE,FALSE,FALSE,FALSE,FALSE,FALSE,TRUE,https://www.youtube.com/embed/IODxDxX7oi4
18,pressup,arms,tricep,70,80,5,8,FALSE,FALSE,FALSE,FALSE,FALSE,FALSE,TRUE,https://www.youtube.com/embed/IODxDxX7oi4
18,pressup,arms,tricep,80,99999,5,12,FALSE,FALSE,FALSE,FALSE,FALSE,FALSE,TRUE,https://www.youtube.com/embed/IODxDxX7oi4
19,plankTap,arms,bicep,-99999,10,3,3,FALSE,FALSE,FALSE,FALSE,FALSE,FALSE,TRUE,https://www.youtube.com/embed/ztpXZm7Dv80
19,plankTap,arms,bicep,10,20,3,4,FALSE,FALSE,FALSE,FALSE,FALSE,FALSE,TRUE,https://www.youtube.com/embed/ztpXZm7Dv80
19,plankTap,arms,bicep,20,30,4,4,FALSE,FALSE,FALSE,FALSE,FALSE,FALSE,TRUE,https://www.youtube.com/embed/ztpXZm7Dv80
19,plankTap,arms,bicep,30,40,4,5,FALSE,FALSE,FALSE,FALSE,FALSE,FALSE,TRUE,https://www.youtube.com/embed/ztpXZm7Dv80
19,plankTap,arms,bicep,40,50,5,5,FALSE,FALSE,FALSE,FALSE,FALSE,FALSE,TRUE,https://www.youtube.com/embed/ztpXZm7Dv80
19,plankTap,arms,bicep,50,60,4,8,FALSE,FALSE,FALSE,FALSE,FALSE,FALSE,TRUE,https://www.youtube.com/embed/ztpXZm7Dv80
19,plankTap,arms,bicep,60,70,4,12,FALSE,FALSE,FALSE,FALSE,FALSE,FALSE,TRUE,https://www.youtube.com/embed/ztpXZm7Dv80
19,plankTap,arms,bicep,70,80,5,8,FALSE,FALSE,FALSE,FALSE,FALSE,FALSE,TRUE,https://www.youtube.com/embed/ztpXZm7Dv80
19,plankTap,arms,bicep,80,99999,5,12,FALSE,FALSE,FALSE,FALSE,FALSE,FALSE,TRUE,https://www.youtube.com/embed/ztpXZm7Dv80
19,plankTap,arms,tricep,-99999,10,3,3,FALSE,FALSE,FALSE,FALSE,FALSE,FALSE,TRUE,https://www.youtube.com/embed/ztpXZm7Dv80
19,plankTap,arms,tricep,10,20,3,4,FALSE,FALSE,FALSE,FALSE,FALSE,FALSE,TRUE,https://www.youtube.com/embed/ztpXZm7Dv80
19,plankTap,arms,tricep,20,30,4,4,FALSE,FALSE,FALSE,FALSE,FALSE,FALSE,TRUE,https://www.youtube.com/embed/ztpXZm7Dv80
19,plankTap,arms,tricep,30,40,4,5,FALSE,FALSE,FALSE,FALSE,FALSE,FALSE,TRUE,https://www.youtube.com/embed/ztpXZm7Dv80
19,plankTap,arms,tricep,40,50,5,5,FALSE,FALSE,FALSE,FALSE,FALSE,FALSE,TRUE,https://www.youtube.com/embed/ztpXZm7Dv80
19,plankTap,arms,tricep,50,60,4,8,FALSE,FALSE,FALSE,FALSE,FALSE,FALSE,TRUE,https://www.youtube.com/embed/ztpXZm7Dv80
19,plankTap,arms,tricep,60,70,4,12,FALSE,FALSE,FALSE,FALSE,FALSE,FALSE,TRUE,https://www.youtube.com/embed/ztpXZm7Dv80
19,plankTap,arms,tricep,70,80,5,8,FALSE,FALSE,FALSE,FALSE,FALSE,FALSE,TRUE,https://www.youtube.com/embed/ztpXZm7Dv80
19,plankTap,arms,tricep,80,99999,5,12,FALSE,FALSE,FALSE,FALSE,FALSE,FALSE,TRUE,https://www.youtube.com/embed/ztpXZm7Dv80
19,plankTap,core,core,-99999,10,3,3,FALSE,FALSE,FALSE,FALSE,FALSE,FALSE,TRUE,https://www.youtube.com/embed/ztpXZm7Dv80
19,plankTap,core,core,10,20,3,4,FALSE,FALSE,FALSE,FALSE,FALSE,FALSE,TRUE,https://www.youtube.com/embed/ztpXZm7Dv80
19,plankTap,core,core,20,30,4,4,FALSE,FALSE,FALSE,FALSE,FALSE,FALSE,TRUE,https://www.youtube.com/embed/ztpXZm7Dv80
19,plankTap,core,core,30,40,4,5,FALSE,FALSE,FALSE,FALSE,FALSE,FALSE,TRUE,https://www.youtube.com/embed/ztpXZm7Dv80
19,plankTap,core,core,40,50,5,5,FALSE,FALSE,FALSE,FALSE,FALSE,FALSE,TRUE,https://www.youtube.com/embed/ztpXZm7Dv80
19,plankTap,core,core,50,60,4,8,FALSE,FALSE,FALSE,FALSE,FALSE,FALSE,TRUE,https://www.youtube.com/embed/ztpXZm7Dv80
19,plankTap,core,core,60,70,4,12,FALSE,FALSE,FALSE,FALSE,FALSE,FALSE,TRUE,https://www.youtube.com/embed/ztpXZm7Dv80
19,plankTap,core,core,70,80,5,8,FALSE,FALSE,FALSE,FALSE,FALSE,FALSE,TRUE,https://www.youtube.com/embed/ztpXZm7Dv80
19,plankTap,core,core,80,99999,5,12,FALSE,FALSE,FALSE,FALSE,FALSE,FALSE,TRUE,https://www.youtube.com/embed/ztpXZm7Dv80
20,diamondPushup,arms,bicep,-99999,10,3,3,FALSE,FALSE,FALSE,FALSE,FALSE,FALSE,TRUE,https://www.youtube.com/embed/pD3mD6WgykM
20,diamondPushup,arms,bicep,10,20,3,4,FALSE,FALSE,FALSE,FALSE,FALSE,FALSE,TRUE,https://www.youtube.com/embed/pD3mD6WgykM
20,diamondPushup,arms,bicep,20,30,4,4,FALSE,FALSE,FALSE,FALSE,FALSE,FALSE,TRUE,https://www.youtube.com/embed/pD3mD6WgykM
20,diamondPushup,arms,bicep,30,40,4,5,FALSE,FALSE,FALSE,FALSE,FALSE,FALSE,TRUE,https://www.youtube.com/embed/pD3mD6WgykM
20,diamondPushup,arms,bicep,40,50,5,5,FALSE,FALSE,FALSE,FALSE,FALSE,FALSE,TRUE,https://www.youtube.com/embed/pD3mD6WgykM
20,diamondPushup,arms,bicep,50,60,4,8,FALSE,FALSE,FALSE,FALSE,FALSE,FALSE,TRUE,https://www.youtube.com/embed/pD3mD6WgykM
20,diamondPushup,arms,bicep,60,70,4,12,FALSE,FALSE,FALSE,FALSE,FALSE,FALSE,TRUE,https://www.youtube.com/embed/pD3mD6WgykM
20,diamondPushup,arms,bicep,70,80,5,8,FALSE,FALSE,FALSE,FALSE,FALSE,FALSE,TRUE,https://www.youtube.com/embed/pD3mD6WgykM
20,diamondPushup,arms,bicep,80,99999,5,12,FALSE,FALSE,FALSE,FALSE,FALSE,FALSE,TRUE,https://www.youtube.com/embed/pD3mD6WgykM
20,diamondPushup,arms,tricep,-99999,10,3,3,FALSE,FALSE,FALSE,FALSE,FALSE,FALSE,TRUE,https://www.youtube.com/embed/pD3mD6WgykM
20,diamondPushup,arms,tricep,10,20,3,4,FALSE,FALSE,FALSE,FALSE,FALSE,FALSE,TRUE,https://www.youtube.com/embed/pD3mD6WgykM
20,diamondPushup,arms,tricep,20,30,4,4,FALSE,FALSE,FALSE,FALSE,FALSE,FALSE,TRUE,https://www.youtube.com/embed/pD3mD6WgykM
20,diamondPushup,arms,tricep,30,40,4,5,FALSE,FALSE,FALSE,FALSE,FALSE,FALSE,TRUE,https://www.youtube.com/embed/pD3mD6WgykM
20,diamondPushup,arms,tricep,40,50,5,5,FALSE,FALSE,FALSE,FALSE,FALSE,FALSE,TRUE,https://www.youtube.com/embed/pD3mD6WgykM
20,diamondPushup,arms,tricep,50,60,4,8,FALSE,FALSE,FALSE,FALSE,FALSE,FALSE,TRUE,https://www.youtube.com/embed/pD3mD6WgykM
20,diamondPushup,arms,tricep,60,70,4,12,FALSE,FALSE,FALSE,FALSE,FALSE,FALSE,TRUE,https://www.youtube.com/embed/pD3mD6WgykM
20,diamondPushup,arms,tricep,70,80,5,8,FALSE,FALSE,FALSE,FALSE,FALSE,FALSE,TRUE,https://www.youtube.com/embed/pD3mD6WgykM
20,diamondPushup,arms,tricep,80,99999,5,12,FALSE,FALSE,FALSE,FALSE,FALSE,FALSE,TRUE,https://www.youtube.com/embed/pD3mD6WgykM
20,diamondPushup,arms,tricep,-99999,10,3,3,FALSE,FALSE,FALSE,FALSE,FALSE,FALSE,TRUE,https://www.youtube.com/embed/pD3mD6WgykM
20,diamondPushup,back,back,10,20,3,4,FALSE,FALSE,FALSE,FALSE,FALSE,FALSE,TRUE,https://www.youtube.com/embed/pD3mD6WgykM
20,diamondPushup,back,back,20,30,4,4,FALSE,FALSE,FALSE,FALSE,FALSE,FALSE,TRUE,https://www.youtube.com/embed/pD3mD6WgykM
20,diamondPushup,back,back,30,40,4,5,FALSE,FALSE,FALSE,FALSE,FALSE,FALSE,TRUE,https://www.youtube.com/embed/pD3mD6WgykM
20,diamondPushup,back,back,40,50,5,5,FALSE,FALSE,FALSE,FALSE,FALSE,FALSE,TRUE,https://www.youtube.com/embed/pD3mD6WgykM
20,diamondPushup,back,back,50,60,4,8,FALSE,FALSE,FALSE,FALSE,FALSE,FALSE,TRUE,https://www.youtube.com/embed/pD3mD6WgykM
20,diamondPushup,back,back,60,70,4,12,FALSE,FALSE,FALSE,FALSE,FALSE,FALSE,TRUE,https://www.youtube.com/embed/pD3mD6WgykM
20,diamondPushup,back,back,70,80,5,8,FALSE,FALSE,FALSE,FALSE,FALSE,FALSE,TRUE,https://www.youtube.com/embed/pD3mD6WgykM
20,diamondPushup,back,back,80,99999,5,12,FALSE,FALSE,FALSE,FALSE,FALSE,FALSE,TRUE,https://www.youtube.com/embed/pD3mD6WgykM
21,russianTwist,core,core,-99999,10,1,20,FALSE,TRUE,FALSE,FALSE,FALSE,TRUE,TRUE,https://www.youtube.com/embed/wkD8rjkodUI
21,russianTwist,core,core,10,25,2,15,FALSE,TRUE,FALSE,FALSE,FALSE,TRUE,TRUE,https://www.youtube.com/embed/wkD8rjkodUI
21,russianTwist,core,core,25,40,2,20,FALSE,TRUE,FALSE,FALSE,FALSE,TRUE,TRUE,https://www.youtube.com/embed/wkD8rjkodUI
21,russianTwist,core,core,40,55,3,15,FALSE,TRUE,FALSE,FALSE,FALSE,TRUE,TRUE,https://www.youtube.com/embed/wkD8rjkodUI
21,russianTwist,core,core,55,70,3,20,FALSE,TRUE,FALSE,FALSE,FALSE,TRUE,TRUE,https://www.youtube.com/embed/wkD8rjkodUI
21,russianTwist,core,core,70,99999,4,16,FALSE,TRUE,FALSE,FALSE,FALSE,TRUE,TRUE,https://www.youtube.com/embed/wkD8rjkodUI
22,situp,core,core,-99999,10,3,5,FALSE,TRUE,FALSE,FALSE,FALSE,TRUE,TRUE,https://www.youtube.com/embed/jDwoBqPH0jk
22,situp,core,core,10,25,3,8,FALSE,TRUE,FALSE,FALSE,FALSE,TRUE,TRUE,https://www.youtube.com/embed/jDwoBqPH0jk
22,situp,core,core,25,40,3,10,FALSE,TRUE,FALSE,FALSE,FALSE,TRUE,TRUE,https://www.youtube.com/embed/jDwoBqPH0jk
22,situp,core,core,40,55,4,8,FALSE,TRUE,FALSE,FALSE,FALSE,TRUE,TRUE,https://www.youtube.com/embed/jDwoBqPH0jk
22,situp,core,core,55,70,4,10,FALSE,TRUE,FALSE,FALSE,FALSE,TRUE,TRUE,https://www.youtube.com/embed/jDwoBqPH0jk
22,situp,core,core,70,99999,4,15,FALSE,TRUE,FALSE,FALSE,FALSE,TRUE,TRUE,https://www.youtube.com/embed/jDwoBqPH0jk
23,legRaise,core,core,-99999,10,1,4,FALSE,FALSE,FALSE,FALSE,FALSE,FALSE,TRUE,https://www.youtube.com/embed/JB2oyawG9KI
23,legRaise,core,core,10,20,2,3,FALSE,FALSE,FALSE,FALSE,FALSE,FALSE,TRUE,https://www.youtube.com/embed/JB2oyawG9KI
23,legRaise,core,core,20,30,3,4,FALSE,FALSE,FALSE,FALSE,FALSE,FALSE,TRUE,https://www.youtube.com/embed/JB2oyawG9KI
23,legRaise,core,core,30,40,4,4,FALSE,FALSE,FALSE,FALSE,FALSE,FALSE,TRUE,https://www.youtube.com/embed/JB2oyawG9KI
23,legRaise,core,core,40,50,5,5,FALSE,FALSE,FALSE,FALSE,FALSE,FALSE,TRUE,https://www.youtube.com/embed/JB2oyawG9KI
23,legRaise,core,core,50,60,5,8,FALSE,FALSE,FALSE,FALSE,FALSE,FALSE,TRUE,https://www.youtube.com/embed/JB2oyawG9KI
23,legRaise,core,core,60,70,5,10,FALSE,FALSE,FALSE,FALSE,FALSE,FALSE,TRUE,https://www.youtube.com/embed/JB2oyawG9KI
23,legRaise,core,core,70,80,5,15,FALSE,FALSE,FALSE,FALSE,FALSE,FALSE,TRUE,https://www.youtube.com/embed/JB2oyawG9KI
23,legRaise,core,core,80,99999,5,20,FALSE,FALSE,FALSE,FALSE,FALSE,FALSE,TRUE,https://www.youtube.com/embed/JB2oyawG9KI
24,deadBug,core,core,-99999,10,3,5,FALSE,TRUE,FALSE,FALSE,FALSE,FALSE,TRUE,https://www.youtube.com/embed/4XLEnwUr1d8
24,deadBug,core,core,10,25,3,8,FALSE,TRUE,FALSE,FALSE,FALSE,FALSE,TRUE,https://www.youtube.com/embed/4XLEnwUr1d8
24,deadBug,core,core,25,40,3,10,FALSE,TRUE,FALSE,FALSE,FALSE,FALSE,TRUE,https://www.youtube.com/embed/4XLEnwUr1d8
24,deadBug,core,core,40,55,4,8,FALSE,TRUE,FALSE,FALSE,FALSE,FALSE,TRUE,https://www.youtube.com/embed/4XLEnwUr1d8
24,deadBug,core,core,55,70,4,10,FALSE,TRUE,FALSE,FALSE,FALSE,FALSE,TRUE,https://www.youtube.com/embed/4XLEnwUr1d8
24,deadBug,core,core,70,99999,4,15,FALSE,TRUE,FALSE,FALSE,FALSE,FALSE,TRUE,https://www.youtube.com/embed/4XLEnwUr1d8
25,crunchyFrog,core,core,-99999,10,3,5,FALSE,FALSE,FALSE,FALSE,FALSE,FALSE,TRUE,https://www.youtube.com/embed/ppnizaZee7Y
25,crunchyFrog,core,core,10,25,3,8,FALSE,FALSE,FALSE,FALSE,FALSE,FALSE,TRUE,https://www.youtube.com/embed/ppnizaZee7Y
25,crunchyFrog,core,core,25,40,3,10,FALSE,FALSE,FALSE,FALSE,FALSE,FALSE,TRUE,https://www.youtube.com/embed/ppnizaZee7Y
25,crunchyFrog,core,core,40,55,4,8,FALSE,FALSE,FALSE,FALSE,FALSE,FALSE,TRUE,https://www.youtube.com/embed/ppnizaZee7Y
25,crunchyFrog,core,core,55,70,4,10,FALSE,FALSE,FALSE,FALSE,FALSE,FALSE,TRUE,https://www.youtube.com/embed/ppnizaZee7Y
25,crunchyFrog,core,core,70,99999,4,15,FALSE,FALSE,FALSE,FALSE,FALSE,FALSE,TRUE,https://www.youtube.com/embed/ppnizaZee7Y
27,reverseSnowAngel,back,back,-99999,10,3,5,FALSE,TRUE,FALSE,FALSE,FALSE,FALSE,TRUE,https://www.youtube.com/embed/52w8iADvL8w
27,reverseSnowAngel,back,back,10,25,3,8,FALSE,TRUE,FALSE,FALSE,FALSE,FALSE,TRUE,https://www.youtube.com/embed/52w8iADvL8w
27,reverseSnowAngel,back,back,25,40,3,10,FALSE,TRUE,FALSE,FALSE,FALSE,FALSE,TRUE,https://www.youtube.com/embed/52w8iADvL8w
27,reverseSnowAngel,back,back,40,55,4,8,FALSE,TRUE,FALSE,FALSE,FALSE,FALSE,TRUE,https://www.youtube.com/embed/52w8iADvL8w
27,reverseSnowAngel,back,back,55,70,4,10,FALSE,TRUE,FALSE,FALSE,FALSE,FALSE,TRUE,https://www.youtube.com/embed/52w8iADvL8w
27,reverseSnowAngel,back,back,70,99999,4,15,FALSE,TRUE,FALSE,FALSE,FALSE,FALSE,TRUE,https://www.youtube.com/embed/52w8iADvL8w
28,superman,back,back,-99999,10,3,5,FALSE,TRUE,FALSE,FALSE,FALSE,FALSE,TRUE,https://www.youtube.com/embed/cc6UVRS7PW4
28,superman,back,back,10,25,3,8,FALSE,TRUE,FALSE,FALSE,FALSE,FALSE,TRUE,https://www.youtube.com/embed/cc6UVRS7PW4
28,superman,back,back,25,40,3,10,FALSE,TRUE,FALSE,FALSE,FALSE,FALSE,TRUE,https://www.youtube.com/embed/cc6UVRS7PW4
28,superman,back,back,40,55,4,8,FALSE,TRUE,FALSE,FALSE,FALSE,FALSE,TRUE,https://www.youtube.com/embed/cc6UVRS7PW4
28,superman,back,back,55,70,4,10,FALSE,TRUE,FALSE,FALSE,FALSE,FALSE,TRUE,https://www.youtube.com/embed/cc6UVRS7PW4
28,superman,back,back,70,99999,4,15,FALSE,TRUE,FALSE,FALSE,FALSE,FALSE,TRUE,https://www.youtube.com/embed/cc6UVRS7PW4
29,plankRow,back,back,-99999,10,1,20,FALSE,TRUE,FALSE,FALSE,FALSE,FALSE,TRUE,https://www.youtube.com/embed/JPVTRwGmBho
29,plankRow,back,back,10,25,2,15,FALSE,TRUE,FALSE,FALSE,FALSE,FALSE,TRUE,https://www.youtube.com/embed/JPVTRwGmBho
29,plankRow,back,back,25,40,2,20,FALSE,TRUE,FALSE,FALSE,FALSE,FALSE,TRUE,https://www.youtube.com/embed/JPVTRwGmBho
29,plankRow,back,back,40,55,3,15,FALSE,TRUE,FALSE,FALSE,FALSE,FALSE,TRUE,https://www.youtube.com/embed/JPVTRwGmBho
29,plankRow,back,back,55,70,3,20,FALSE,TRUE,FALSE,FALSE,FALSE,FALSE,TRUE,https://www.youtube.com/embed/JPVTRwGmBho
29,plankRow,back,back,70,99999,4,16,FALSE,TRUE,FALSE,FALSE,FALSE,FALSE,TRUE,https://www.youtube.com/embed/JPVTRwGmBho
30,lowRow,back,back,-99999,10,1,20,FALSE,FALSE,FALSE,FALSE,FALSE,FALSE,TRUE,https://www.youtube.com/embed/GZbfZ033f74
30,lowRow,back,back,10,25,2,15,FALSE,FALSE,FALSE,FALSE,FALSE,FALSE,TRUE,https://www.youtube.com/embed/GZbfZ033f74
30,lowRow,back,back,25,40,2,20,FALSE,FALSE,FALSE,FALSE,FALSE,FALSE,TRUE,https://www.youtube.com/embed/GZbfZ033f74
30,lowRow,back,back,40,55,3,15,FALSE,FALSE,FALSE,FALSE,FALSE,FALSE,TRUE,https://www.youtube.com/embed/GZbfZ033f74
30,lowRow,back,back,55,70,3,20,FALSE,FALSE,FALSE,FALSE,FALSE,FALSE,TRUE,https://www.youtube.com/embed/GZbfZ033f74
30,lowRow,back,back,70,99999,4,16,FALSE,FALSE,FALSE,FALSE,FALSE,FALSE,TRUE,https://www.youtube.com/embed/GZbfZ033f74
31,latPulldown,back,back,-99999,10,1,20,FALSE,FALSE,FALSE,FALSE,FALSE,FALSE,TRUE,https://www.youtube.com/embed/CAwf7n6Luuc
31,latPulldown,back,back,10,25,2,15,FALSE,FALSE,FALSE,FALSE,FALSE,FALSE,TRUE,https://www.youtube.com/embed/CAwf7n6Luuc
31,latPulldown,back,back,25,40,2,20,FALSE,FALSE,FALSE,FALSE,FALSE,FALSE,TRUE,https://www.youtube.com/embed/CAwf7n6Luuc
31,latPulldown,back,back,40,55,3,15,FALSE,FALSE,FALSE,FALSE,FALSE,FALSE,TRUE,https://www.youtube.com/embed/CAwf7n6Luuc
31,latPulldown,back,back,55,70,3,20,FALSE,FALSE,FALSE,FALSE,FALSE,FALSE,TRUE,https://www.youtube.com/embed/CAwf7n6Luuc
31,latPulldown,back,back,70,99999,4,16,FALSE,FALSE,FALSE,FALSE,FALSE,FALSE,TRUE,https://www.youtube.com/embed/CAwf7n6Luuc
32,pullup,arms,bicep,-99999,10,1,4,FALSE,FALSE,TRUE,FALSE,FALSE,FALSE,FALSE,https://www.youtube.com/embed/eGo4IYlbE5g
32,pullup,arms,bicep,10,20,2,3,FALSE,FALSE,TRUE,FALSE,FALSE,FALSE,FALSE,https://www.youtube.com/embed/eGo4IYlbE5g
32,pullup,arms,bicep,20,30,3,4,FALSE,FALSE,TRUE,FALSE,FALSE,FALSE,FALSE,https://www.youtube.com/embed/eGo4IYlbE5g
32,pullup,arms,bicep,30,40,4,4,FALSE,FALSE,TRUE,FALSE,FALSE,FALSE,FALSE,https://www.youtube.com/embed/eGo4IYlbE5g
32,pullup,arms,bicep,40,50,5,5,FALSE,FALSE,TRUE,FALSE,FALSE,FALSE,FALSE,https://www.youtube.com/embed/eGo4IYlbE5g
32,pullup,arms,bicep,50,60,5,8,FALSE,FALSE,TRUE,FALSE,FALSE,FALSE,FALSE,https://www.youtube.com/embed/eGo4IYlbE5g
32,pullup,arms,bicep,60,99999,5,10,FALSE,FALSE,TRUE,FALSE,FALSE,FALSE,FALSE,https://www.youtube.com/embed/eGo4IYlbE5g
32,pullup,arms,tricep,-99999,10,1,4,FALSE,FALSE,TRUE,FALSE,FALSE,FALSE,FALSE,https://www.youtube.com/embed/eGo4IYlbE5g
32,pullup,arms,tricep,10,20,2,3,FALSE,FALSE,TRUE,FALSE,FALSE,FALSE,FALSE,https://www.youtube.com/embed/eGo4IYlbE5g
32,pullup,arms,tricep,20,30,3,4,FALSE,FALSE,TRUE,FALSE,FALSE,FALSE,FALSE,https://www.youtube.com/embed/eGo4IYlbE5g
32,pullup,arms,tricep,30,40,4,4,FALSE,FALSE,TRUE,FALSE,FALSE,FALSE,FALSE,https://www.youtube.com/embed/eGo4IYlbE5g
32,pullup,arms,tricep,40,50,5,5,FALSE,FALSE,TRUE,FALSE,FALSE,FALSE,FALSE,https://www.youtube.com/embed/eGo4IYlbE5g
32,pullup,arms,tricep,50,60,5,8,FALSE,FALSE,TRUE,FALSE,FALSE,FALSE,FALSE,https://www.youtube.com/embed/eGo4IYlbE5g
32,pullup,arms,tricep,60,99999,5,10,FALSE,FALSE,TRUE,FALSE,FALSE,FALSE,FALSE,https://www.youtube.com/embed/eGo4IYlbE5g
32,pullup,back,back,-99999,10,1,4,FALSE,FALSE,TRUE,FALSE,FALSE,FALSE,FALSE,https://www.youtube.com/embed/eGo4IYlbE5g
32,pullup,back,back,10,20,2,3,FALSE,FALSE,TRUE,FALSE,FALSE,FALSE,FALSE,https://www.youtube.com/embed/eGo4IYlbE5g
32,pullup,back,back,20,30,3,4,FALSE,FALSE,TRUE,FALSE,FALSE,FALSE,FALSE,https://www.youtube.com/embed/eGo4IYlbE5g
32,pullup,back,back,30,40,4,4,FALSE,FALSE,TRUE,FALSE,FALSE,FALSE,FALSE,https://www.youtube.com/embed/eGo4IYlbE5g
32,pullup,back,back,40,50,5,5,FALSE,FALSE,TRUE,FALSE,FALSE,FALSE,FALSE,https://www.youtube.com/embed/eGo4IYlbE5g
32,pullup,back,back,50,60,5,8,FALSE,FALSE,TRUE,FALSE,FALSE,FALSE,FALSE,https://www.youtube.com/embed/eGo4IYlbE5g
32,pullup,back,back,60,99999,5,10,FALSE,FALSE,TRUE,FALSE,FALSE,FALSE,FALSE,https://www.youtube.com/embed/eGo4IYlbE5g
33,bicepCurl,arms,bicep,-99999,10,3,5,TRUE,TRUE,FALSE,FALSE,FALSE,FALSE,FALSE,https://www.youtube.com/embed/ykJmrZ5v0Oo
33,bicepCurl,arms,bicep,10,25,3,8,TRUE,TRUE,FALSE,FALSE,FALSE,FALSE,FALSE,https://www.youtube.com/embed/ykJmrZ5v0Oo
33,bicepCurl,arms,bicep,25,40,3,10,TRUE,TRUE,FALSE,FALSE,FALSE,FALSE,FALSE,https://www.youtube.com/embed/ykJmrZ5v0Oo
33,bicepCurl,arms,bicep,40,55,4,8,TRUE,TRUE,FALSE,FALSE,FALSE,FALSE,FALSE,https://www.youtube.com/embed/ykJmrZ5v0Oo
33,bicepCurl,arms,bicep,55,70,4,10,TRUE,TRUE,FALSE,FALSE,FALSE,FALSE,FALSE,https://www.youtube.com/embed/ykJmrZ5v0Oo
33,bicepCurl,arms,bicep,70,99999,4,15,TRUE,TRUE,FALSE,FALSE,FALSE,FALSE,FALSE,https://www.youtube.com/embed/ykJmrZ5v0Oo
34,deadlift,back,back,-99999,20,1,4,TRUE,TRUE,FALSE,FALSE,FALSE,FALSE,FALSE,https://www.youtube.com/embed/-4qRntuXBSc
34,deadlift,back,back,20,40,2,3,TRUE,TRUE,FALSE,FALSE,FALSE,FALSE,FALSE,https://www.youtube.com/embed/-4qRntuXBSc
34,deadlift,back,back,40,60,3,4,TRUE,TRUE,FALSE,FALSE,FALSE,FALSE,FALSE,https://www.youtube.com/embed/-4qRntuXBSc
34,deadlift,back,back,60,99999,4,4,TRUE,TRUE,FALSE,FALSE,FALSE,FALSE,FALSE,https://www.youtube.com/embed/-4qRntuXBSc
34,deadlift,legs,hamstring,-99999,20,1,4,TRUE,TRUE,FALSE,FALSE,FALSE,FALSE,FALSE,https://www.youtube.com/embed/-4qRntuXBSc
34,deadlift,legs,hamstring,20,40,2,3,TRUE,TRUE,FALSE,FALSE,FALSE,FALSE,FALSE,https://www.youtube.com/embed/-4qRntuXBSc
34,deadlift,legs,hamstring,40,60,3,4,TRUE,TRUE,FALSE,FALSE,FALSE,FALSE,FALSE,https://www.youtube.com/embed/-4qRntuXBSc
34,deadlift,legs,hamstring,60,99999,4,4,TRUE,TRUE,FALSE,FALSE,FALSE,FALSE,FALSE,https://www.youtube.com/embed/-4qRntuXBSc
35,romanianDeadlift,back,back,-99999,20,1,4,TRUE,TRUE,FALSE,FALSE,FALSE,FALSE,FALSE,https://www.youtube.com/embed/2SHsk9AzdjA
35,romanianDeadlift,back,back,20,40,2,3,TRUE,TRUE,FALSE,FALSE,FALSE,FALSE,FALSE,https://www.youtube.com/embed/2SHsk9AzdjA
35,romanianDeadlift,back,back,40,60,3,4,TRUE,TRUE,FALSE,FALSE,FALSE,FALSE,FALSE,https://www.youtube.com/embed/2SHsk9AzdjA
35,romanianDeadlift,back,back,60,99999,4,4,TRUE,TRUE,FALSE,FALSE,FALSE,FALSE,FALSE,https://www.youtube.com/embed/2SHsk9AzdjA
35,romanianDeadlift,legs,hamstring,-99999,20,1,4,TRUE,TRUE,FALSE,FALSE,FALSE,FALSE,FALSE,https://www.youtube.com/embed/2SHsk9AzdjA
35,romanianDeadlift,legs,hamstring,20,40,2,3,TRUE,TRUE,FALSE,FALSE,FALSE,FALSE,FALSE,https://www.youtube.com/embed/2SHsk9AzdjA
35,romanianDeadlift,legs,hamstring,40,60,3,4,TRUE,TRUE,FALSE,FALSE,FALSE,FALSE,FALSE,https://www.youtube.com/embed/2SHsk9AzdjA
35,romanianDeadlift,legs,hamstring,60,99999,4,4,TRUE,TRUE,FALSE,FALSE,FALSE,FALSE,FALSE,https://www.youtube.com/embed/2SHsk9AzdjA
36,benchpress,arms,bicep,-99999,20,1,4,TRUE,TRUE,FALSE,FALSE,TRUE,FALSE,FALSE,https://www.youtube.com/embed/gRVjAtPip0Y
36,benchpress,arms,bicep,20,40,2,3,TRUE,TRUE,FALSE,FALSE,TRUE,FALSE,FALSE,https://www.youtube.com/embed/gRVjAtPip0Y
36,benchpress,arms,bicep,40,60,3,4,TRUE,TRUE,FALSE,FALSE,TRUE,FALSE,FALSE,https://www.youtube.com/embed/gRVjAtPip0Y
36,benchpress,arms,bicep,60,99999,4,4,TRUE,TRUE,FALSE,FALSE,TRUE,FALSE,FALSE,https://www.youtube.com/embed/gRVjAtPip0Y
36,benchpress,arms,tricep,-99999,20,1,4,TRUE,TRUE,FALSE,FALSE,TRUE,FALSE,FALSE,https://www.youtube.com/embed/gRVjAtPip0Y
36,benchpress,arms,tricep,20,40,2,3,TRUE,TRUE,FALSE,FALSE,TRUE,FALSE,FALSE,https://www.youtube.com/embed/gRVjAtPip0Y
36,benchpress,arms,tricep,40,60,3,4,TRUE,TRUE,FALSE,FALSE,TRUE,FALSE,FALSE,https://www.youtube.com/embed/gRVjAtPip0Y
36,benchpress,arms,tricep,60,99999,4,4,TRUE,TRUE,FALSE,FALSE,TRUE,FALSE,FALSE,https://www.youtube.com/embed/gRVjAtPip0Y
37,hammerCurl,arms,bicep,-99999,10,3,5,TRUE,TRUE,FALSE,FALSE,FALSE,FALSE,FALSE,https://www.youtube.com/embed/TwD-YGVP4Bk
37,hammerCurl,arms,bicep,10,25,3,8,TRUE,TRUE,FALSE,FALSE,FALSE,FALSE,FALSE,https://www.youtube.com/embed/TwD-YGVP4Bk
37,hammerCurl,arms,bicep,25,40,3,10,TRUE,TRUE,FALSE,FALSE,FALSE,FALSE,FALSE,https://www.youtube.com/embed/TwD-YGVP4Bk
37,hammerCurl,arms,bicep,40,55,4,8,TRUE,TRUE,FALSE,FALSE,FALSE,FALSE,FALSE,https://www.youtube.com/embed/TwD-YGVP4Bk
37,hammerCurl,arms,bicep,55,70,4,10,TRUE,TRUE,FALSE,FALSE,FALSE,FALSE,FALSE,https://www.youtube.com/embed/TwD-YGVP4Bk
37,hammerCurl,arms,bicep,70,99999,4,15,TRUE,TRUE,FALSE,FALSE,FALSE,FALSE,FALSE,https://www.youtube.com/embed/TwD-YGVP4Bk
38,medicineBallSlam,core,core,-99999,10,3,5,FALSE,FALSE,FALSE,FALSE,FALSE,TRUE,FALSE,https://www.youtube.com/embed/k9W6g9LvXDI
38,medicineBallSlam,core,core,10,25,3,8,FALSE,FALSE,FALSE,FALSE,FALSE,TRUE,FALSE,https://www.youtube.com/embed/k9W6g9LvXDI
38,medicineBallSlam,core,core,25,40,3,10,FALSE,FALSE,FALSE,FALSE,FALSE,TRUE,FALSE,https://www.youtube.com/embed/k9W6g9LvXDI
38,medicineBallSlam,core,core,40,55,4,8,FALSE,FALSE,FALSE,FALSE,FALSE,TRUE,FALSE,https://www.youtube.com/embed/k9W6g9LvXDI
38,medicineBallSlam,core,core,55,70,4,10,FALSE,FALSE,FALSE,FALSE,FALSE,TRUE,FALSE,https://www.youtube.com/embed/k9W6g9LvXDI
38,medicineBallSlam,core,core,70,99999,4,15,FALSE,FALSE,FALSE,FALSE,FALSE,TRUE,FALSE,https://www.youtube.com/embed/k9W6g9LvXDI
38,medicineBallSlam,legs,quadricep,-99999,10,3,5,FALSE,FALSE,FALSE,FALSE,FALSE,TRUE,FALSE,https://www.youtube.com/embed/k9W6g9LvXDI
38,medicineBallSlam,legs,quadricep,10,25,3,8,FALSE,FALSE,FALSE,FALSE,FALSE,TRUE,FALSE,https://www.youtube.com/embed/k9W6g9LvXDI
38,medicineBallSlam,legs,quadricep,25,40,3,10,FALSE,FALSE,FALSE,FALSE,FALSE,TRUE,FALSE,https://www.youtube.com/embed/k9W6g9LvXDI
38,medicineBallSlam,legs,quadricep,40,55,4,8,FALSE,FALSE,FALSE,FALSE,FALSE,TRUE,FALSE,https://www.youtube.com/embed/k9W6g9LvXDI
38,medicineBallSlam,legs,quadricep,55,70,4,10,FALSE,FALSE,FALSE,FALSE,FALSE,TRUE,FALSE,https://www.youtube.com/embed/k9W6g9LvXDI
38,medicineBallSlam,legs,quadricep,70,99999,4,15,FALSE,FALSE,FALSE,FALSE,FALSE,TRUE,FALSE,https://www.youtube.com/embed/k9W6g9LvXDI
39,shoulderPress,arms,bicep,-99999,20,1,4,TRUE,TRUE,FALSE,FALSE,FALSE,FALSE,FALSE,https://www.youtube.com/embed/B-aVuyhvLHU
39,shoulderPress,arms,bicep,20,40,2,3,TRUE,TRUE,FALSE,FALSE,FALSE,FALSE,FALSE,https://www.youtube.com/embed/B-aVuyhvLHU
39,shoulderPress,arms,bicep,40,60,3,4,TRUE,TRUE,FALSE,FALSE,FALSE,FALSE,FALSE,https://www.youtube.com/embed/B-aVuyhvLHU
39,shoulderPress,arms,bicep,60,99999,4,4,TRUE,TRUE,FALSE,FALSE,FALSE,FALSE,FALSE,https://www.youtube.com/embed/B-aVuyhvLHU
39,shoulderPress,arms,tricep,-99999,20,1,4,TRUE,TRUE,FALSE,FALSE,FALSE,FALSE,FALSE,https://www.youtube.com/embed/B-aVuyhvLHU
39,shoulderPress,arms,tricep,20,40,2,3,TRUE,TRUE,FALSE,FALSE,FALSE,FALSE,FALSE,https://www.youtube.com/embed/B-aVuyhvLHU
39,shoulderPress,arms,tricep,40,60,3,4,TRUE,TRUE,FALSE,FALSE,FALSE,FALSE,FALSE,https://www.youtube.com/embed/B-aVuyhvLHU
39,shoulderPress,arms,tricep,60,99999,4,4,TRUE,TRUE,FALSE,FALSE,FALSE,FALSE,FALSE,https://www.youtube.com/embed/B-aVuyhvLHU
40,tricepExtension,arms,tricep,-99999,10,3,5,FALSE,TRUE,FALSE,FALSE,FALSE,FALSE,FALSE,https://www.youtube.com/embed/_gsUck-7M74
40,tricepExtension,arms,tricep,10,25,3,8,FALSE,TRUE,FALSE,FALSE,FALSE,FALSE,FALSE,https://www.youtube.com/embed/_gsUck-7M74
40,tricepExtension,arms,tricep,25,40,3,10,FALSE,TRUE,FALSE,FALSE,FALSE,FALSE,FALSE,https://www.youtube.com/embed/_gsUck-7M74
40,tricepExtension,arms,tricep,40,55,4,8,FALSE,TRUE,FALSE,FALSE,FALSE,FALSE,FALSE,https://www.youtube.com/embed/_gsUck-7M74
40,tricepExtension,arms,tricep,55,70,4,10,FALSE,TRUE,FALSE,FALSE,FALSE,FALSE,FALSE,https://www.youtube.com/embed/_gsUck-7M74
40,tricepExtension,arms,tricep,70,99999,4,15,FALSE,TRUE,FALSE,FALSE,FALSE,FALSE,FALSE,https://www.youtube.com/embed/_gsUck-7M74
41,chinup,arms,bicep,-99999,10,1,4,FALSE,FALSE,TRUE,FALSE,FALSE,FALSE,FALSE,https://www.youtube.com/embed/b-ztMQpj8yc
41,chinup,arms,bicep,10,20,2,3,FALSE,FALSE,TRUE,FALSE,FALSE,FALSE,FALSE,https://www.youtube.com/embed/b-ztMQpj8yc
41,chinup,arms,bicep,20,30,3,4,FALSE,FALSE,TRUE,FALSE,FALSE,FALSE,FALSE,https://www.youtube.com/embed/b-ztMQpj8yc
41,chinup,arms,bicep,30,40,4,4,FALSE,FALSE,TRUE,FALSE,FALSE,FALSE,FALSE,https://www.youtube.com/embed/b-ztMQpj8yc
41,chinup,arms,bicep,40,50,5,5,FALSE,FALSE,TRUE,FALSE,FALSE,FALSE,FALSE,https://www.youtube.com/embed/b-ztMQpj8yc
41,chinup,arms,bicep,50,60,5,8,FALSE,FALSE,TRUE,FALSE,FALSE,FALSE,FALSE,https://www.youtube.com/embed/b-ztMQpj8yc
41,chinup,arms,bicep,60,99999,5,10,FALSE,FALSE,TRUE,FALSE,FALSE,FALSE,FALSE,https://www.youtube.com/embed/b-ztMQpj8yc
41,chinup,arms,tricep,-99999,10,1,4,FALSE,FALSE,TRUE,FALSE,FALSE,FALSE,FALSE,https://www.youtube.com/embed/b-ztMQpj8yc
41,chinup,arms,tricep,10,20,2,3,FALSE,FALSE,TRUE,FALSE,FALSE,FALSE,FALSE,https://www.youtube.com/embed/b-ztMQpj8yc
41,chinup,arms,tricep,20,30,3,4,FALSE,FALSE,TRUE,FALSE,FALSE,FALSE,FALSE,https://www.youtube.com/embed/b-ztMQpj8yc
41,chinup,arms,tricep,30,40,4,4,FALSE,FALSE,TRUE,FALSE,FALSE,FALSE,FALSE,https://www.youtube.com/embed/b-ztMQpj8yc
41,chinup,arms,tricep,40,50,5,5,FALSE,FALSE,TRUE,FALSE,FALSE,FALSE,FALSE,https://www.youtube.com/embed/b-ztMQpj8yc
41,chinup,arms,tricep,50,60,5,8,FALSE,FALSE,TRUE,FALSE,FALSE,FALSE,FALSE,https://www.youtube.com/embed/b-ztMQpj8yc
41,chinup,arms,tricep,60,99999,5,10,FALSE,FALSE,TRUE,FALSE,FALSE,FALSE,FALSE,https://www.youtube.com/embed/b-ztMQpj8yc
41,chinup,back,back,-99999,10,1,4,FALSE,FALSE,TRUE,FALSE,FALSE,FALSE,FALSE,https://www.youtube.com/embed/b-ztMQpj8yc
41,chinup,back,back,10,20,2,3,FALSE,FALSE,TRUE,FALSE,FALSE,FALSE,FALSE,https://www.youtube.com/embed/b-ztMQpj8yc
41,chinup,back,back,20,30,3,4,FALSE,FALSE,TRUE,FALSE,FALSE,FALSE,FALSE,https://www.youtube.com/embed/b-ztMQpj8yc
41,chinup,back,back,30,40,4,4,FALSE,FALSE,TRUE,FALSE,FALSE,FALSE,FALSE,https://www.youtube.com/embed/b-ztMQpj8yc
41,chinup,back,back,40,50,5,5,FALSE,FALSE,TRUE,FALSE,FALSE,FALSE,FALSE,https://www.youtube.com/embed/b-ztMQpj8yc
41,chinup,back,back,50,60,5,8,FALSE,FALSE,TRUE,FALSE,FALSE,FALSE,FALSE,https://www.youtube.com/embed/b-ztMQpj8yc
41,chinup,back,back,60,99999,5,10,FALSE,FALSE,TRUE,FALSE,FALSE,FALSE,FALSE,https://www.youtube.com/embed/b-ztMQpj8yc